id;title;content;sender;send_date;receiver;audit_org;del_flag
1;Books Hat;Virginia;Rubber;Garden interface Frozen;2020-08-05;2020-08-05;Auto Loan Account Vermont
2;quantify magnetic Auto Loan Account;Connecticut Credit Card Account;grid-enabled North Carolina synthesizing;CSS Avon;2020-08-05;2020-08-05;Books Towels
3;Toys Lebanese Pound Markets;parse program;zero administration;Sleek;2020-08-05;2020-08-05;function Phased Checking Account
4;Divide Georgia;indigo Handmade Rubber Car;South Dakota;Radial Belize;2020-08-06;2020-08-05;Borders Handmade
5;Computer;plum online;JSON invoice;lime;2020-08-06;2020-08-05;e-tailers Cameroon Tunnel
6;Gloves;back-end white upward-trending;seize indexing;Investor Small Rubber Chair;2020-08-05;2020-08-05;cross-platform Brand Legacy
7;Officer compress;background Functionality;Auto Loan Account compress;Soap Legacy;2020-08-05;2020-08-05;revolutionize haptic
8;exploit dynamic Refined;bandwidth Berkshire;monitor;monitor overriding;2020-08-06;2020-08-06;Focused Home
9;initiatives compressing;Moroccan Dirham Nepal;copy deposit payment;wireless circuit superstructure;2020-08-05;2020-08-05;B2C payment
10;invoice Credit Card Account;synergies platforms;Gorgeous Wooden Bacon tangible Steel;deposit;2020-08-05;2020-08-05;navigate payment
